,NY times,powerhouse
06/19/21,cigar,cigar
06/20/21,rebut,rebut
06/21/21,sissy,sissy
06/22/21,humph,humph
06/23/21,awake,awake
06/24/21,blush,blush
06/25/21,focal,focal
06/26/21,evade,evade
06/27/21,naval,naval
06/28/21,serve,serve
06/29/21,heath,heath
06/30/21,dwarf,dwarf
07/01/21,model,model
07/02/21,karma,karma
07/03/21,stink,stink
07/04/21,grade,grade
07/05/21,quiet,quiet
07/06/21,bench,bench
07/07/21,abate,abate
07/08/21,feign,feign
07/09/21,major,major
07/10/21,death,death
07/11/21,fresh,fresh
07/12/21,crust,crust
07/13/21,stool,stool
07/14/21,colon,colon
07/15/21,abase,abase
07/16/21,marry,marry
07/17/21,react,react
07/18/21,batty,batty
07/19/21,pride,pride
07/20/21,floss,floss
07/21/21,helix,helix
07/22/21,croak,croak
07/23/21,staff,staff
07/24/21,paper,paper
07/25/21,unfed,unfed
07/26/21,whelp,whelp
07/27/21,trawl,trawl
07/28/21,outdo,outdo
07/29/21,adobe,adobe
07/30/21,crazy,crazy
07/31/21,sower,sower
08/01/21,repay,repay
08/02/21,digit,digit
08/03/21,crate,crate
08/04/21,cluck,cluck
08/05/21,spike,spike
08/06/21,mimic,mimic
08/07/21,pound,pound
08/08/21,maxim,maxim
08/09/21,linen,linen
08/10/21,unmet,unmet
08/11/21,flesh,flesh
08/12/21,booby,booby
08/13/21,forth,forth
08/14/21,first,first
08/15/21,stand,stand
08/16/21,belly,belly
08/17/21,ivory,ivory
08/18/21,seedy,seedy
08/19/21,print,print
08/20/21,yearn,yearn
08/21/21,drain,drain
08/22/21,bribe,bribe
08/23/21,stout,stout
08/24/21,panel,panel
08/25/21,crass,crass
08/26/21,flume,flume
08/27/21,offal,offal
08/28/21,agree,agree
08/29/21,error,error
08/30/21,swirl,swirl
08/31/21,argue,argue
09/01/21,bleed,bleed
09/02/21,delta,delta
09/03/21,flick,flick
09/04/21,totem,totem
09/05/21,wooer,wooer
09/06/21,front,front
09/07/21,shrub,shrub
09/08/21,parry,parry
09/09/21,biome,biome
09/10/21,lapel,lapel
09/11/21,start,start
09/12/21,greet,greet
09/13/21,goner,goner
09/14/21,golem,golem
09/15/21,lusty,lusty
09/16/21,loopy,loopy
09/17/21,round,round
09/18/21,audit,audit
09/19/21,lying,lying
09/20/21,gamma,gamma
09/21/21,labor,labor
09/22/21,islet,islet
09/23/21,civic,civic
09/24/21,forge,forge
09/25/21,corny,corny
09/26/21,moult,moult
09/27/21,basic,basic
09/28/21,salad,salad
09/29/21,agate,agate
09/30/21,spicy,spicy
10/01/21,spray,spray
10/02/21,essay,essay
10/03/21,fjord,fjord
10/04/21,spend,spend
10/05/21,kebab,kebab
10/06/21,guild,guild
10/07/21,aback,aback
10/08/21,motor,motor
10/09/21,alone,alone
10/10/21,hatch,hatch
10/11/21,hyper,hyper
10/12/21,thumb,thumb
10/13/21,dowry,dowry
10/14/21,ought,ought
10/15/21,belch,belch
10/16/21,dutch,dutch
10/17/21,pilot,pilot
10/18/21,tweed,tweed
10/19/21,comet,comet
10/20/21,jaunt,jaunt
10/21/21,enema,enema
10/22/21,steed,steed
10/23/21,abyss,abyss
10/24/21,growl,growl
10/25/21,fling,fling
10/26/21,dozen,dozen
10/27/21,boozy,boozy
10/28/21,erode,erode
10/29/21,world,world
10/30/21,gouge,gouge
10/31/21,click,click
11/01/21,briar,briar
11/02/21,great,great
11/03/21,altar,altar
11/04/21,pulpy,pulpy
11/05/21,blurt,blurt
11/06/21,coast,coast
11/07/21,duchy,duchy
11/08/21,groin,groin
11/09/21,fixer,fixer
11/10/21,group,group
11/11/21,rogue,rogue
11/12/21,badly,badly
11/13/21,smart,smart
11/14/21,pithy,pithy
11/15/21,gaudy,gaudy
11/16/21,chill,chill
11/17/21,heron,heron
11/18/21,vodka,vodka
11/19/21,finer,finer
11/20/21,surer,surer
11/21/21,radio,radio
11/22/21,rouge,rouge
11/23/21,perch,perch
11/24/21,retch,retch
11/25/21,wrote,wrote
11/26/21,clock,clock
11/27/21,tilde,tilde
11/28/21,store,store
11/29/21,prove,prove
11/30/21,bring,bring
12/01/21,solve,solve
12/02/21,cheat,cheat
12/03/21,grime,grime
12/04/21,exult,exult
12/05/21,usher,usher
12/06/21,epoch,epoch
12/07/21,triad,triad
12/08/21,break,break
12/09/21,rhino,rhino
12/10/21,viral,viral
12/11/21,conic,conic
12/12/21,masse,masse
12/13/21,sonic,sonic
12/14/21,vital,vital
12/15/21,trace,trace
12/16/21,using,using
12/17/21,peach,peach
12/18/21,champ,champ
12/19/21,baton,baton
12/20/21,brake,brake
12/21/21,pluck,pluck
12/22/21,craze,craze
12/23/21,gripe,gripe
12/24/21,weary,weary
12/25/21,picky,picky
12/26/21,acute,acute
12/27/21,ferry,ferry
12/28/21,aside,aside
12/29/21,tapir,tapir
12/30/21,troll,troll
12/31/21,unify,unify
01/01/22,rebus,rebus
01/02/22,boost,boost
01/03/22,truss,truss
01/04/22,siege,siege
01/05/22,tiger,tiger
01/06/22,banal,banal
01/07/22,slump,slump
01/08/22,crank,crank
01/09/22,gorge,gorge
01/10/22,query,query
01/11/22,drink,drink
01/12/22,favor,favor
01/13/22,abbey,abbey
01/14/22,tangy,tangy
01/15/22,panic,panic
01/16/22,solar,solar
01/17/22,shire,shire
01/18/22,proxy,proxy
01/19/22,point,point
01/20/22,robot,robot
01/21/22,prick,prick
01/22/22,wince,wince
01/23/22,crimp,crimp
01/24/22,knoll,knoll
01/25/22,sugar,sugar
01/26/22,whack,whack
01/27/22,mount,mount
01/28/22,perky,perky
01/29/22,could,could
01/30/22,wrung,wrung
01/31/22,light,light
02/01/22,those,those
02/02/22,moist,moist
02/03/22,shard,shard
02/04/22,pleat,pleat
02/05/22,aloft,aloft
02/06/22,skill,skill
02/07/22,elder,elder
02/08/22,frame,frame
02/09/22,humor,humor
02/10/22,pause,pause
02/11/22,ulcer,ulcer
02/12/22,ultra,ultra
02/13/22,robin,robin
02/14/22,cynic,cynic
02/15/22,aroma,agora
02/16/22,caulk,aroma
02/17/22,shake,caulk
02/18/22,dodge,shake
02/19/22,swill,pupal
02/20/22,tacit,dodge
02/21/22,other,swill
02/22/22,thorn,tacit
02/23/22,trove,other
02/24/22,bloke,thorn
02/25/22,vivid,trove
02/26/22,spill,bloke
02/27/22,chant,vivid
02/28/22,choke,spill
03/01/22,rupee,chant
03/02/22,nasty,choke
03/03/22,mourn,rupee
03/04/22,ahead,nasty
03/05/22,brine,mourn
03/06/22,cloth,ahead
03/07/22,hoard,brine
03/08/22,sweet,cloth
03/09/22,month,hoard
03/10/22,lapse,sweet
03/11/22,watch,month
03/12/22,today,lapse
03/13/22,focus,watch
03/14/22,smelt,today
03/15/22,tease,focus
03/16/22,cater,smelt
03/17/22,movie,tease
03/18/22,saute,cater
03/19/22,allow,movie
03/20/22,renew,lynch
03/21/22,their,saute
03/22/22,slosh,allow
03/23/22,purge,renew
03/24/22,chest,their
03/25/22,depot,slosh
03/26/22,epoxy,purge
03/27/22,nymph,chest
03/28/22,found,depot
03/29/22,shall,epoxy
03/30/22,harry,nymph
03/31/22,stove,found
04/01/22,lowly,shall
04/02/22,snout,harry
04/03/22,trope,stove
04/04/22,fewer,lowly
04/05/22,shawl,snout
04/06/22,natal,trope
04/07/22,comma,fewer
04/08/22,foray,shawl
04/09/22,scare,natal
04/10/22,stair,fibre
04/11/22,black,comma
04/12/22,squad,foray
04/13/22,royal,scare
04/14/22,chunk,stair
04/15/22,mince,black
04/16/22,shame,squad
04/17/22,cheek,royal
04/18/22,ample,chunk
04/19/22,flair,mince
04/20/22,foyer,slave
04/21/22,cargo,shame
04/22/22,oxide,cheek
04/23/22,plant,ample
04/24/22,olive,flair
04/25/22,inert,foyer
04/26/22,askew,cargo
04/27/22,heist,oxide
04/28/22,shown,plant
04/29/22,zesty,olive
04/30/22,hasty,inert
05/01/22,trash,askew
05/02/22,fella,heist
05/03/22,larva,shown
05/04/22,forgo,zesty
05/05/22,story,hasty
05/06/22,hairy,trash
05/07/22,train,fella
05/08/22,homer,larva
05/09/22,badge,forgo
05/10/22,midst,story
05/11/22,canny,hairy
05/12/22,fetus,train
05/13/22,butch,homer
05/14/22,farce,badge
05/15/22,slung,midst
05/16/22,tipsy,canny
05/17/22,metal,fetus
05/18/22,yield,butch
05/19/22,delve,farce
05/20/22,being,slung
05/21/22,scour,tipsy
05/22/22,glass,metal
05/23/22,gamer,yield
05/24/22,scrap,delve
05/25/22,money,being
05/26/22,hinge,scour
05/27/22,album,glass
05/28/22,vouch,gamer
05/29/22,asset,scrap
05/30/22,tiara,money
05/31/22,crept,hinge
06/01/22,bayou,album
06/02/22,atoll,vouch
06/03/22,manor,asset
06/04/22,creak,tiara
06/05/22,showy,crept
06/06/22,phase,bayou
06/07/22,froth,atoll
06/08/22,depth,manor
06/09/22,gloom,creak
06/10/22,flood,showy
06/11/22,trait,phase
06/12/22,girth,froth
06/13/22,piety,depth
06/14/22,payer,gloom
06/15/22,goose,flood
06/16/22,float,trait
06/17/22,donor,girth
06/18/22,atone,piety
06/19/22,primo,payer
06/20/22,apron,goose
06/21/22,blown,float
06/22/22,cacao,donor
06/23/22,loser,atone
06/24/22,input,primo
06/25/22,gloat,apron
06/26/22,awful,blown
06/27/22,brink,cacao
06/28/22,smite,loser
06/29/22,beady,input
06/30/22,rusty,gloat
07/01/22,retro,awful
07/02/22,droll,brink
07/03/22,gawky,smite
07/04/22,hutch,beady
07/05/22,pinto,rusty
07/06/22,gaily,retro
07/07/22,egret,droll
07/08/22,lilac,gawky
07/09/22,sever,hutch
07/10/22,field,pinto
07/11/22,fluff,gaily
07/12/22,hydro,egret
07/13/22,flack,lilac
07/14/22,agape,sever
07/15/22,voice,field
07/16/22,stead,fluff
07/17/22,stalk,hydro
07/18/22,berth,flack
07/19/22,madam,agape
07/20/22,night,wench
07/21/22,bland,voice
07/22/22,liver,stead
07/23/22,wedge,stalk
07/24/22,augur,berth
07/25/22,roomy,madam
07/26/22,wacky,night
07/27/22,flock,bland
07/28/22,angry,liver
07/29/22,bobby,wedge
07/30/22,trite,augur
07/31/22,aphid,roomy
08/01/22,tryst,wacky
08/02/22,midge,flock
08/03/22,power,angry
08/04/22,elope,bobby
08/05/22,cinch,trite
08/06/22,motto,aphid
08/07/22,stomp,tryst
08/08/22,upset,midge
08/09/22,bluff,power
08/10/22,cramp,elope
08/11/22,quart,cinch
08/12/22,coyly,motto
08/13/22,youth,stomp
08/14/22,rhyme,upset
08/15/22,buggy,bluff
08/16/22,alien,cramp
08/17/22,smear,quart
08/18/22,unfit,coyly
08/19/22,patty,youth
08/20/22,cling,rhyme
08/21/22,glean,buggy
08/22/22,label,alien
08/23/22,hunky,smear
08/24/22,khaki,unfit
08/25/22,poker,patty
08/26/22,gruel,cling
08/27/22,twice,glean
08/28/22,twang,label
08/29/22,shrug,hunky
08/30/22,treat,khaki
08/31/22,unlit,poker
09/01/22,waste,gruel
09/02/22,merit,twice
09/03/22,woven,twang
09/04/22,octal,shrug
09/05/22,needy,treat
09/06/22,clown,unlit
09/07/22,widow,waste
09/08/22,irony,merit
09/09/22,ruder,woven
09/10/22,gauze,octal
09/11/22,chief,needy
09/12/22,onset,clown
09/13/22,prize,widow
09/14/22,fungi,irony
09/15/22,charm,ruder
09/16/22,gully,gauze
09/17/22,inter,chief
09/18/22,whoop,onset
09/19/22,taunt,prize
09/20/22,leery,fungi
09/21/22,class,charm
09/22/22,theme,gully
09/23/22,lofty,inter
09/24/22,tibia,whoop
09/25/22,booze,taunt
09/26/22,alpha,leery
09/27/22,thyme,class
09/28/22,eclat,theme
09/29/22,doubt,lofty
09/30/22,parer,tibia
10/01/22,chute,booze
10/02/22,stick,alpha
10/03/22,trice,thyme
10/04/22,alike,eclat
10/05/22,sooth,doubt
10/06/22,recap,parer
10/07/22,saint,chute
10/08/22,liege,stick
10/09/22,glory,trice
10/10/22,grate,alike
10/11/22,admit,sooth
10/12/22,brisk,recap
10/13/22,soggy,saint
10/14/22,usurp,liege
10/15/22,scald,glory
10/16/22,scorn,grate
10/17/22,leave,admit
10/18/22,twine,brisk
10/19/22,sting,soggy
10/20/22,bough,usurp
10/21/22,marsh,scald
10/22/22,sloth,scorn
10/23/22,dandy,leave
10/24/22,vigor,twine
10/25/22,howdy,sting
10/26/22,enjoy,bough
10/27/22,valid,marsh
10/28/22,ionic,sloth
10/29/22,equal,dandy
10/30/22,unset,vigor
10/31/22,floor,howdy
11/01/22,catch,enjoy
11/02/22,spade,valid
11/03/22,stein,ionic
11/04/22,exist,equal
11/05/22,quirk,unset
11/06/22,denim,floor
11/07/22,grove,catch
11/08/22,spiel,spade
11/09/22,mummy,stein
11/10/22,fault,exist
11/11/22,foggy,quirk
11/12/22,flout,denim
11/13/22,carry,grove
11/14/22,sneak,spiel
11/15/22,libel,mummy
11/16/22,waltz,fault
11/17/22,aptly,foggy
11/18/22,piney,flout
11/19/22,inept,carry
11/20/22,aloud,sneak
11/21/22,photo,libel
11/22/22,dream,waltz
11/23/22,stale,aptly
11/24/22,vomit,piney
11/25/22,ombre,inept
11/26/22,fanny,aloud
11/27/22,unite,photo
11/28/22,snarl,dream
11/29/22,baker,stale
11/30/22,there,vomit
12/01/22,glyph,ombre
12/02/22,pooch,fanny
12/03/22,hippy,unite
12/04/22,spell,snarl
12/05/22,folly,baker
12/06/22,louse,there
12/07/22,gulch,glyph
12/08/22,vault,pooch
12/09/22,godly,hippy
12/10/22,threw,spell
12/11/22,fleet,folly
12/12/22,grave,louse
12/13/22,inane,gulch
12/14/22,shock,vault
12/15/22,crave,godly
12/16/22,spite,threw
12/17/22,valve,fleet
12/18/22,skimp,grave
12/19/22,claim,inane
12/20/22,rainy,shock
12/21/22,musty,crave
12/22/22,pique,spite
12/23/22,daddy,valve
12/24/22,quasi,skimp
12/25/22,arise,claim
12/26/22,aging,rainy
12/27/22,valet,musty
12/28/22,opium,pique
12/29/22,avert,daddy
12/30/22,stuck,quasi
12/31/22,recut,arise
01/01/23,mulch,aging
01/02/23,genre,valet
01/03/23,plume,opium
01/04/23,rifle,avert
01/05/23,count,stuck
01/06/23,incur,recut
01/07/23,total,mulch
01/08/23,wrest,genre
01/09/23,mocha,plume
01/10/23,deter,rifle
01/11/23,study,count
01/12/23,lover,incur
01/13/23,safer,total
01/14/23,rivet,wrest
01/15/23,funny,mocha
01/16/23,smoke,deter
01/17/23,mound,study
01/18/23,undue,lover
01/19/23,sedan,safer
01/20/23,pagan,rivet
01/21/23,swine,funny
01/22/23,guile,smoke
01/23/23,gusty,mound
01/24/23,equip,undue
01/25/23,tough,sedan
01/26/23,canoe,pagan
01/27/23,chaos,swine
01/28/23,covet,guile
01/29/23,human,gusty
01/30/23,udder,equip
01/31/23,lunch,tough
02/01/23,blast,canoe
02/02/23,stray,chaos
02/03/23,manga,covet
02/04/23,melee,human
02/05/23,lefty,udder
02/06/23,quick,lunch
02/07/23,paste,blast
02/08/23,given,stray
02/09/23,octet,manga
02/10/23,risen,melee
02/11/23,groan,lefty
02/12/23,leaky,quick
02/13/23,grind,paste
02/14/23,carve,given
02/15/23,loose,octet
02/16/23,sadly,risen
02/17/23,spilt,groan
02/18/23,apple,leaky
02/19/23,slack,grind
02/20/23,honey,carve
02/21/23,final,loose
02/22/23,sheen,sadly
02/23/23,eerie,spilt
02/24/23,minty,apple
02/25/23,slick,slack
02/26/23,derby,honey
02/27/23,wharf,final
02/28/23,spelt,sheen
03/01/23,coach,eerie
03/02/23,erupt,minty
03/03/23,singe,slick
03/04/23,price,derby
03/05/23,spawn,wharf
03/06/23,fairy,spelt
03/07/23,jiffy,coach
03/08/23,filmy,erupt
03/09/23,stack,singe
03/10/23,chose,price
03/11/23,sleep,spawn
03/12/23,ardor,fairy
03/13/23,nanny,jiffy
03/14/23,niece,filmy
03/15/23,woozy,stack
03/16/23,handy,chose
03/17/23,grace,sleep
03/18/23,ditto,ardor
03/19/23,stank,nanny
03/20/23,cream,niece
03/21/23,usual,woozy
03/22/23,diode,handy
03/23/23,valor,grace
03/24/23,angle,ditto
03/25/23,ninja,stank
03/26/23,muddy,cream
03/27/23,chase,usual
03/28/23,reply,diode
03/29/23,prone,valor
03/30/23,spoil,angle
03/31/23,heart,ninja
04/01/23,shade,muddy
04/02/23,diner,chase
04/03/23,arson,reply
04/04/23,onion,prone
04/05/23,sleet,spoil
04/06/23,dowel,heart
04/07/23,couch,shade
04/08/23,palsy,diner
04/09/23,bowel,arson
04/10/23,smile,onion
04/11/23,evoke,sleet
04/12/23,creek,dowel
04/13/23,lance,couch
04/14/23,eagle,palsy
04/15/23,idiot,bowel
04/16/23,siren,smile
04/17/23,built,evoke
04/18/23,embed,creek
04/19/23,award,lance
04/20/23,dross,eagle
04/21/23,annul,idiot
04/22/23,goody,siren
04/23/23,frown,built
04/24/23,patio,embed
04/25/23,laden,award
04/26/23,humid,dross
04/27/23,elite,annul
04/28/23,lymph,goody
04/29/23,edify,frown
04/30/23,might,patio
05/01/23,reset,laden
05/02/23,visit,humid
05/03/23,gusto,elite
05/04/23,purse,lymph
05/05/23,vapor,edify
05/06/23,crock,might
05/07/23,write,reset
05/08/23,sunny,visit
05/09/23,loath,gusto
05/10/23,chaff,purse
05/11/23,slide,vapor
05/12/23,queer,crock
05/13/23,venom,write
05/14/23,stamp,sunny
05/15/23,sorry,loath
05/16/23,still,chaff
05/17/23,acorn,slide
05/18/23,aping,queer
05/19/23,pushy,venom
05/20/23,tamer,stamp
05/21/23,hater,sorry
05/22/23,mania,still
05/23/23,awoke,acorn
05/24/23,brawn,aping
05/25/23,swift,pushy
05/26/23,exile,tamer
05/27/23,birch,hater
05/28/23,lucky,mania
05/29/23,freer,awoke
05/30/23,risky,brawn
05/31/23,ghost,swift
06/01/23,plier,exile
06/02/23,lunar,birch
06/03/23,winch,lucky
06/04/23,snare,freer
06/05/23,nurse,risky
06/06/23,house,ghost
06/07/23,borax,plier
06/08/23,nicer,lunar
06/09/23,lurch,winch
06/10/23,exalt,snare
06/11/23,about,nurse
06/12/23,savvy,house
06/13/23,toxin,borax
06/14/23,tunic,nicer
06/15/23,pried,lurch
06/16/23,inlay,exalt
06/17/23,chump,about
06/18/23,lanky,savvy
06/19/23,cress,toxin
06/20/23,eater,tunic
06/21/23,elude,pried
06/22/23,cycle,inlay
06/23/23,kitty,chump
06/24/23,boule,lanky
06/25/23,moron,cress
06/26/23,tenet,eater
06/27/23,place,elude
06/28/23,lobby,cycle
06/29/23,plush,kitty
06/30/23,vigil,boule
07/01/23,index,moron
07/02/23,blink,tenet
07/03/23,clung,place
07/04/23,qualm,lobby
07/05/23,croup,plush
07/06/23,clink,vigil
07/07/23,juicy,index
07/08/23,stage,blink
07/09/23,decay,clung
07/10/23,nerve,qualm
07/11/23,flier,croup
07/12/23,shaft,clink
07/13/23,crook,juicy
07/14/23,clean,stage
07/15/23,china,decay
07/16/23,ridge,nerve
07/17/23,vowel,flier
07/18/23,gnome,shaft
07/19/23,snuck,crook
07/20/23,icing,clean
07/21/23,spiny,china
07/22/23,rigor,ridge
07/23/23,snail,vowel
07/24/23,flown,gnome
07/25/23,rabid,snuck
07/26/23,prose,icing
07/27/23,thank,spiny
07/28/23,poppy,rigor
07/29/23,budge,snail
07/30/23,fiber,flown
07/31/23,moldy,rabid
08/01/23,dowdy,prose
08/02/23,kneel,thank
08/03/23,track,poppy
08/04/23,caddy,budge
08/05/23,quell,fiber
08/06/23,dumpy,moldy
08/07/23,paler,dowdy
08/08/23,swore,kneel
08/09/23,rebar,track
08/10/23,scuba,caddy
08/11/23,splat,quell
08/12/23,flyer,dumpy
08/13/23,horny,paler
08/14/23,mason,swore
08/15/23,doing,rebar
08/16/23,ozone,scuba
08/17/23,amply,splat
08/18/23,molar,flyer
08/19/23,ovary,horny
08/20/23,beset,mason
08/21/23,queue,doing
08/22/23,cliff,ozone
08/23/23,magic,amply
08/24/23,truce,molar
08/25/23,sport,ovary
08/26/23,fritz,beset
08/27/23,edict,queue
08/28/23,twirl,cliff
08/29/23,verse,magic
08/30/23,llama,truce
08/31/23,eaten,sport
09/01/23,range,fritz
09/02/23,whisk,edict
09/03/23,hovel,twirl
09/04/23,rehab,verse
09/05/23,macaw,llama
09/06/23,sigma,eaten
09/07/23,spout,range
09/08/23,verve,whisk
09/09/23,sushi,hovel
09/10/23,dying,rehab
09/11/23,fetid,macaw
09/12/23,brain,sigma
09/13/23,buddy,spout
09/14/23,thump,verve
09/15/23,scion,sushi
09/16/23,candy,dying
09/17/23,chord,fetid
09/18/23,basin,brain
09/19/23,march,buddy
09/20/23,crowd,thump
09/21/23,arbor,scion
09/22/23,gayly,candy
09/23/23,musky,chord
09/24/23,stain,basin
09/25/23,dally,march
09/26/23,bless,crowd
09/27/23,bravo,arbor
09/28/23,stung,gayly
09/29/23,title,musky
09/30/23,ruler,stain
10/01/23,kiosk,dally
10/02/23,blond,bless
10/03/23,ennui,bravo
10/04/23,layer,stung
10/05/23,fluid,title
10/06/23,tatty,ruler
10/07/23,score,kiosk
10/08/23,cutie,blond
10/09/23,zebra,ennui
10/10/23,barge,layer
10/11/23,matey,fluid
10/12/23,bluer,tatty
10/13/23,aider,score
10/14/23,shook,cutie
10/15/23,river,zebra
10/16/23,privy,barge
10/17/23,betel,matey
10/18/23,frisk,bluer
10/19/23,bongo,aider
10/20/23,begun,shook
10/21/23,azure,river
10/22/23,weave,privy
10/23/23,genie,betel
10/24/23,sound,frisk
10/25/23,glove,bongo
10/26/23,braid,begun
10/27/23,scope,azure
10/28/23,wryly,weave
10/29/23,rover,genie
10/30/23,assay,sound
10/31/23,ocean,glove
11/01/23,bloom,braid
11/02/23,irate,scope
11/03/23,later,wryly
11/04/23,woken,rover
11/05/23,silky,assay
11/06/23,wreck,ocean
11/07/23,dwelt,bloom
11/08/23,slate,irate
11/09/23,smack,later
11/10/23,solid,woken
11/11/23,amaze,silky
11/12/23,hazel,wreck
11/13/23,wrist,dwelt
11/14/23,jolly,slate
11/15/23,globe,smack
11/16/23,flint,solid
11/17/23,rouse,amaze
11/18/23,civil,hazel
11/19/23,vista,wrist
11/20/23,relax,jolly
11/21/23,cover,globe
11/22/23,alive,flint
11/23/23,beech,rouse
11/24/23,jetty,civil
11/25/23,bliss,vista
11/26/23,vocal,relax
11/27/23,often,cover
11/28/23,dolly,alive
11/29/23,eight,beech
11/30/23,joker,jetty
12/01/23,since,bliss
12/02/23,event,vocal
12/03/23,ensue,often
12/04/23,shunt,dolly
12/05/23,diver,eight
12/06/23,poser,joker
12/07/23,worst,since
12/08/23,sweep,event
12/09/23,alley,ensue
12/10/23,creed,shunt
12/11/23,anime,diver
12/12/23,leafy,poser
12/13/23,bosom,worst
12/14/23,dunce,sweep
12/15/23,stare,alley
12/16/23,pudgy,creed
12/17/23,waive,anime
12/18/23,choir,leafy
12/19/23,stood,bosom
12/20/23,spoke,dunce
12/21/23,outgo,stare
12/22/23,delay,pudgy
12/23/23,bilge,waive
12/24/23,ideal,choir
12/25/23,clasp,stood
12/26/23,seize,spoke
12/27/23,hotly,outgo
12/28/23,laugh,delay
12/29/23,sieve,bilge
12/30/23,block,ideal
12/31/23,meant,clasp
01/01/24,grape,seize
01/02/24,noose,hotly
01/03/24,hardy,laugh
01/04/24,shied,sieve
01/05/24,drawl,block
01/06/24,daisy,meant
01/07/24,putty,grape
01/08/24,strut,noose
01/09/24,burnt,hardy
01/10/24,tulip,shied
01/11/24,crick,drawl
01/12/24,idyll,daisy
01/13/24,vixen,putty
01/14/24,furor,strut
01/15/24,geeky,burnt
01/16/24,cough,tulip
01/17/24,naive,crick
01/18/24,shoal,idyll
01/19/24,stork,vixen
01/20/24,bathe,furor
01/21/24,aunty,geeky
01/22/24,check,cough
01/23/24,prime,naive
01/24/24,brass,shoal
01/25/24,outer,stork
01/26/24,furry,bathe
01/27/24,razor,aunty
01/28/24,elect,check
01/29/24,evict,prime
01/30/24,imply,brass
01/31/24,demur,outer
02/01/24,quota,furry
02/02/24,haven,razor
02/03/24,cavil,elect
02/04/24,swear,evict
02/05/24,crump,imply
02/06/24,dough,demur
02/07/24,gavel,quota
02/08/24,wagon,haven
02/09/24,salon,cavil
02/10/24,nudge,swear
02/11/24,harem,crump
02/12/24,pitch,dough
02/13/24,sworn,gavel
02/14/24,pupil,wagon
02/15/24,excel,salon
02/16/24,stony,nudge
02/17/24,cabin,harem
02/18/24,unzip,pitch
02/19/24,queen,sworn
02/20/24,trout,pupil
02/21/24,polyp,excel
02/22/24,earth,stony
02/23/24,storm,cabin
02/24/24,until,unzip
02/25/24,taper,queen
02/26/24,enter,trout
02/27/24,child,polyp
02/28/24,adopt,earth
02/29/24,minor,storm
03/01/24,fatty,until
03/02/24,husky,taper
03/03/24,brave,enter
03/04/24,filet,child
03/05/24,slime,adopt
03/06/24,glint,minor
03/07/24,tread,fatty
03/08/24,steal,husky
03/09/24,regal,brave
03/10/24,guest,filet
03/11/24,every,slime
03/12/24,murky,glint
03/13/24,share,tread
03/14/24,spore,steal
03/15/24,hoist,regal
03/16/24,buxom,guest
03/17/24,inner,every
03/18/24,otter,murky
03/19/24,dimly,share
03/20/24,level,spore
03/21/24,sumac,hoist
03/22/24,donut,buxom
03/23/24,stilt,inner
03/24/24,arena,otter
03/25/24,sheet,dimly
03/26/24,scrub,level
03/27/24,fancy,sumac
03/28/24,slimy,donut
03/29/24,pearl,stilt
03/30/24,silly,arena
03/31/24,porch,sheet
04/01/24,dingo,scrub
04/02/24,sepia,fancy
04/03/24,amble,slimy
04/04/24,shady,pearl
04/05/24,bread,silly
04/06/24,friar,porch
04/07/24,reign,dingo
04/08/24,dairy,flung
04/09/24,quill,yacht
04/10/24,cross,fried
04/11/24,brood,quail
04/12/24,tuber,brunt
04/13/24,shear,grimy
04/14/24,posit,curvy
04/15/24,blank,cagey
04/16/24,villa,rinse
04/17/24,shank,deuce
04/18/24,piggy,state
04/19/24,freak,grasp
04/20/24,which,milky
04/21/24,among,bison
04/22/24,fecal,graft
04/23/24,shell,sandy
04/24/24,would,baste
04/25/24,algae,flask
04/26/24,large,hedge
04/27/24,rabbi,girly
04/28/24,agony,swash
04/29/24,amuse,boney
04/30/24,bushy,coupe
05/01/24,copse,endow
05/02/24,swoon,abhor
05/03/24,knife,welch
05/04/24,pouch,blade
05/05/24,ascot,tight
05/06/24,plane,geese
05/07/24,crown,miser
05/08/24,urban,mirth
05/09/24,snide,cloud
05/10/24,relay,cabal
05/11/24,abide,leech
05/12/24,viola,close
05/13/24,rajah,tenth
05/14/24,straw,pecan
05/15/24,dilly,droit
05/16/24,crash,grail
05/17/24,amass,clone
05/18/24,third,guise
05/19/24,trick,ralph
05/20/24,tutor,tango
05/21/24,woody,biddy
05/22/24,blurb,smith
05/23/24,grief,mower
05/24/24,disco,payee
05/25/24,where,serif
05/26/24,sassy,drape
05/27/24,beach,fifth
05/28/24,sauna,spank
05/29/24,comic,glaze
05/30/24,clued,allot
05/31/24,creep,truck
06/01/24,caste,kayak
06/02/24,graze,virus
06/03/24,snuff,testy
06/04/24,frock,tepee
06/05/24,gonad,fully
06/06/24,drunk,zonal
06/07/24,prong,metro
06/08/24,lurid,curry
06/09/24,steel,grand
06/10/24,halve,banjo
06/11/24,buyer,axion
06/12/24,vinyl,bezel
06/13/24,utile,occur
06/14/24,smell,chain
06/15/24,adage,nasal
06/16/24,worry,gooey
06/17/24,tasty,filer
06/18/24,local,brace
06/19/24,trade,allay
06/20/24,finch,pubic
06/21/24,ashen,raven
06/22/24,modal,plead
06/23/24,gaunt,gnash
06/24/24,clove,flaky
06/25/24,enact,munch
06/26/24,adorn,dully
06/27/24,roast,eking
06/28/24,speck,thing
06/29/24,sheik,slink
06/30/24,missy,hurry
07/01/24,grunt,theft
07/02/24,snoop,shorn
07/03/24,party,pygmy
07/04/24,touch,ranch
07/05/24,mafia,wring
07/06/24,emcee,lemon
07/07/24,array,shore
07/08/24,south,mamma
07/09/24,vapid,froze
07/10/24,jelly,newer
07/11/24,skulk,style
07/12/24,angst,moose
07/13/24,tubal,antic
07/14/24,lower,drown
07/15/24,crest,vegan
07/16/24,sweat,chess
07/17/24,cyber,guppy
07/18/24,adore,union
07/19/24,tardy,lever
07/20/24,swami,lorry
07/21/24,notch,image
07/22/24,groom,cabby
07/23/24,roach,druid
07/24/24,hitch,exact
07/25/24,young,truth
07/26/24,align,dopey
07/27/24,ready,spear
07/28/24,frond,cried
07/29/24,strap,chime
07/30/24,puree,crony
07/31/24,realm,stunk
08/01/24,venue,timid
08/02/24,swarm,batch
08/03/24,offer,gauge
08/04/24,seven,rotor
08/05/24,dryer,crack
08/06/24,diary,curve
08/07/24,dryly,latte
08/08/24,drank,witch
08/09/24,acrid,bunch
08/10/24,heady,repel
08/11/24,theta,anvil
08/12/24,junto,soapy
08/13/24,pixie,meter
08/14/24,quoth,broth
08/15/24,bonus,madly
08/16/24,shalt,dried
08/17/24,penne,scene
08/18/24,amend,known
08/19/24,datum,magma
08/20/24,build,roost
08/21/24,piano,woman
08/22/24,shelf,thong
08/23/24,lodge,punch
08/24/24,suing,pasty
08/25/24,rearm,downy
08/26/24,coral,knead
08/27/24,ramen,whirl
08/28/24,worth,rapid
08/29/24,psalm,clang
08/30/24,infer,anger
08/31/24,overt,drive
09/01/24,mayor,goofy
09/02/24,ovoid,email
09/03/24,glide,music
09/04/24,usage,stuff
09/05/24,poise,bleep
09/06/24,randy,rider
09/07/24,chuck,mecca
09/08/24,prank,folio
09/09/24,fishy,setup
09/10/24,tooth,verso
09/11/24,ether,quash
09/12/24,drove,fauna
09/13/24,idler,gummy
09/14/24,swath,happy
09/15/24,stint,newly
09/16/24,while,fussy
09/17/24,begat,relic
09/18/24,apply,guava
09/19/24,slang,ratty
09/20/24,tarot,fudge
09/21/24,radar,femur
09/22/24,credo,chirp
09/23/24,aware,forte
09/24/24,canon,alibi
09/25/24,shift,whine
09/26/24,timer,petty
09/27/24,bylaw,golly
09/28/24,serum,plait
09/29/24,three,fleck
09/30/24,steak,felon
10/01/24,iliac,gourd
10/02/24,shirk,brown
10/03/24,blunt,thrum
10/04/24,puppy,ficus
10/05/24,penal,stash
10/06/24,joist,decry
10/07/24,bunny,wiser
10/08/24,shape,junta
10/09/24,beget,visor
10/10/24,wheel,daunt
10/11/24,adept,scree
10/12/24,stunt,impel
10/13/24,stole,await
10/14/24,topaz,press
10/15/24,chore,whose
10/16/24,fluke,turbo
10/17/24,afoot,stoop
10/18/24,bloat,speak
10/19/24,bully,mangy
10/20/24,dense,eying
10/21/24,caper,inlet
10/22/24,sneer,crone
10/23/24,boxer,pulse
10/24/24,jumbo,mossy
10/25/24,lunge,staid
10/26/24,space,hence
10/27/24,avail,pinch
10/28/24,short,teddy
10/29/24,slurp,sully
10/30/24,loyal,snore
10/31/24,flirt,ripen
11/01/24,pizza,snowy
11/02/24,conch,attic
11/03/24,tempo,going
11/04/24,droop,leach
11/05/24,plate,mouth
11/06/24,bible,hound
11/07/24,plunk,clump
11/08/24,afoul,tonal
11/09/24,savoy,bigot
11/10/24,steep,peril
11/11/24,agile,piece
11/12/24,stake,blame
11/13/24,dwell,haute
11/14/24,knave,spied
11/15/24,beard,undid
11/16/24,arose,intro
11/17/24,motif,basal
11/18/24,smash,shine
11/19/24,broil,gecko
11/20/24,glare,rodeo
11/21/24,shove,guard
11/22/24,baggy,steer
11/23/24,mammy,loamy
11/24/24,swamp,scamp
11/25/24,along,scram
11/26/24,rugby,manly
11/27/24,wager,hello
11/28/24,quack,vaunt
11/29/24,squat,organ
11/30/24,snaky,feral
12/01/24,debit,knock
12/02/24,mange,extra
12/03/24,skate,condo
12/04/24,ninth,adapt
12/05/24,joust,willy
12/06/24,tramp,polka
12/07/24,spurn,rayon
12/08/24,medal,skirt
12/09/24,micro,faith
12/10/24,rebel,torso
12/11/24,flank,match
12/12/24,learn,mercy
12/13/24,nadir,tepid
12/14/24,maple,sleek
12/15/24,comfy,riser
12/16/24,remit,twixt
12/17/24,gruff,peace
12/18/24,ester,flush
12/19/24,least,catty
12/20/24,mogul,login
12/21/24,fetch,eject
12/22/24,cause,roger
12/23/24,oaken,rival
12/24/24,aglow,untie
12/25/24,meaty,refit
12/26/24,gaffe,aorta
12/27/24,shyly,adult
12/28/24,racer,judge
12/29/24,prowl,rower
12/30/24,thief,art
12/31/24,stern,
01/01/25,poesy,
01/02/25,rocky,
01/03/25,tweet,
01/04/25,waist,
01/05/25,spire,
01/06/25,grope,
01/07/25,havoc,
01/08/25,patsy,
01/09/25,truly,
01/10/25,forty,
01/11/25,deity,
01/12/25,uncle,
01/13/25,swish,
01/14/25,giver,
01/15/25,preen,
01/16/25,bevel,
01/17/25,lemur,
01/18/25,draft,
01/19/25,slope,
01/20/25,annoy,
01/21/25,lingo,
01/22/25,bleak,
01/23/25,ditty,
01/24/25,curly,
01/25/25,cedar,
01/26/25,dirge,
01/27/25,grown,
01/28/25,horde,
01/29/25,drool,
01/30/25,shuck,
01/31/25,crypt,
02/01/25,cumin,
02/02/25,stock,
02/03/25,gravy,
02/04/25,locus,
02/05/25,wider,
02/06/25,breed,
02/07/25,quite,
02/08/25,chafe,
02/09/25,cache,
02/10/25,blimp,
02/11/25,deign,
02/12/25,fiend,
02/13/25,logic,
02/14/25,cheap,
02/15/25,elide,
02/16/25,rigid,
02/17/25,FALSE,
02/18/25,renal,
02/19/25,pence,
02/20/25,rowdy,
02/21/25,shoot,
02/22/25,blaze,
02/23/25,envoy,
02/24/25,posse,
02/25/25,brief,
02/26/25,never,
02/27/25,abort,
02/28/25,mouse,
03/01/25,mucky,
03/02/25,sulky,
03/03/25,fiery,
03/04/25,media,
03/05/25,trunk,
03/06/25,yeast,
03/07/25,clear,
03/08/25,skunk,
03/09/25,scalp,
03/10/25,bitty,
03/11/25,cider,
03/12/25,koala,
03/13/25,duvet,
03/14/25,segue,
03/15/25,creme,
03/16/25,super,
03/17/25,grill,
03/18/25,after,
03/19/25,owner,
03/20/25,ember,
03/21/25,reach,
03/22/25,nobly,
03/23/25,empty,
03/24/25,speed,
03/25/25,gipsy,
03/26/25,recur,
03/27/25,smock,
03/28/25,dread,
03/29/25,merge,
03/30/25,burst,
03/31/25,kappa,
04/01/25,amity,
04/02/25,shaky,
04/03/25,hover,
04/04/25,carol,
04/05/25,snort,
04/06/25,synod,
04/07/25,faint,
04/08/25,haunt,
04/09/25,flour,
04/10/25,chair,
04/11/25,detox,
04/12/25,shrew,
04/13/25,tense,
04/14/25,plied,
04/15/25,quark,
04/16/25,burly,
04/17/25,novel,
04/18/25,waxen,
04/19/25,stoic,
04/20/25,jerky,
04/21/25,blitz,
04/22/25,beefy,
04/23/25,lyric,
04/24/25,hussy,
04/25/25,towel,
04/26/25,quilt,
04/27/25,below,
04/28/25,bingo,
04/29/25,wispy,
04/30/25,brash,
05/01/25,scone,
05/02/25,toast,
05/03/25,easel,
05/04/25,saucy,
05/05/25,value,
05/06/25,spice,
05/07/25,honor,
05/08/25,route,
05/09/25,sharp,
05/10/25,bawdy,
05/11/25,radii,
05/12/25,skull,
05/13/25,phony,
05/14/25,issue,
05/15/25,lager,
05/16/25,swell,
05/17/25,urine,
05/18/25,gassy,
05/19/25,trial,
05/20/25,flora,
05/21/25,upper,
05/22/25,latch,
05/23/25,wight,
05/24/25,brick,
05/25/25,retry,
05/26/25,holly,
05/27/25,decal,
05/28/25,grass,
05/29/25,shack,
05/30/25,dogma,
05/31/25,mover,
06/01/25,defer,
06/02/25,sober,
06/03/25,optic,
06/04/25,crier,
06/05/25,vying,
06/06/25,nomad,
06/07/25,flute,
06/08/25,hippo,
06/09/25,shark,
06/10/25,drier,
06/11/25,obese,
06/12/25,bugle,
06/13/25,tawny,
06/14/25,chalk,
06/15/25,feast,
06/16/25,ruddy,
06/17/25,pedal,
06/18/25,scarf,
06/19/25,cruel,
06/20/25,bleat,
06/21/25,tidal,
06/22/25,slush,
06/23/25,semen,
06/24/25,windy,
06/25/25,dusty,
06/26/25,sally,
06/27/25,igloo,
06/28/25,nerdy,
06/29/25,jewel,
06/30/25,shone,
07/01/25,whale,
07/02/25,hymen,
07/03/25,abuse,
07/04/25,fugue,
07/05/25,elbow,
07/06/25,crumb,
07/07/25,pansy,
07/08/25,welsh,
07/09/25,syrup,
07/10/25,terse,
07/11/25,suave,
07/12/25,gamut,
07/13/25,swung,
07/14/25,drake,
07/15/25,freed,
07/16/25,afire,
07/17/25,shirt,
07/18/25,grout,
07/19/25,oddly,
07/20/25,tithe,
07/21/25,plaid,
07/22/25,dummy,
07/23/25,broom,
07/24/25,blind,
07/25/25,torch,
07/26/25,enemy,
07/27/25,again,
07/28/25,tying,
07/29/25,pesky,
07/30/25,alter,
07/31/25,gazer,
08/01/25,noble,
08/02/25,ethos,
08/03/25,bride,
08/04/25,extol,
08/05/25,decor,
08/06/25,hobby,
08/07/25,beast,
08/08/25,idiom,
08/09/25,utter,
08/10/25,these,
08/11/25,sixth,
08/12/25,alarm,
08/13/25,erase,
08/14/25,elegy,
08/15/25,spunk,
08/16/25,piper,
08/17/25,scaly,
08/18/25,scold,
08/19/25,hefty,
08/20/25,chick,
08/21/25,sooty,
08/22/25,canal,
08/23/25,whiny,
08/24/25,slash,
08/25/25,quake,
08/26/25,joint,
08/27/25,swept,
08/28/25,prude,
08/29/25,heavy,
08/30/25,wield,
08/31/25,femme,
09/01/25,lasso,
09/02/25,maize,
09/03/25,shale,
09/04/25,screw,
09/05/25,spree,
09/06/25,smoky,
09/07/25,whiff,
09/08/25,scent,
09/09/25,glade,
09/10/25,spent,
09/11/25,prism,
09/12/25,stoke,
09/13/25,riper,
09/14/25,orbit,
09/15/25,cocoa,
09/16/25,guilt,
09/17/25,humus,
09/18/25,shush,
09/19/25,table,
09/20/25,smirk,
09/21/25,wrong,
09/22/25,noisy,
09/23/25,alert,
09/24/25,shiny,
09/25/25,elate,
09/26/25,resin,
09/27/25,whole,
09/28/25,hunch,
09/29/25,pixel,
09/30/25,polar,
10/01/25,hotel,
10/02/25,sword,
10/03/25,cleat,
10/04/25,mango,
10/05/25,rumba,
10/06/25,puffy,
10/07/25,filly,
10/08/25,billy,
10/09/25,leash,
10/10/25,clout,
10/11/25,dance,
10/12/25,ovate,
10/13/25,facet,
10/14/25,chili,
10/15/25,paint,
10/16/25,liner,
10/17/25,curio,
10/18/25,salty,
10/19/25,audio,
10/20/25,snake,
10/21/25,fable,
10/22/25,cloak,
10/23/25,navel,
10/24/25,spurt,
10/25/25,pesto,
10/26/25,balmy,
10/27/25,flash,
10/28/25,unwed,
10/29/25,early,
10/30/25,churn,
10/31/25,weedy,
11/01/25,stump,
11/02/25,lease,
11/03/25,witty,
11/04/25,wimpy,
11/05/25,spoof,
11/06/25,saner,
11/07/25,blend,
11/08/25,salsa,
11/09/25,thick,
11/10/25,warty,
11/11/25,manic,
11/12/25,blare,
11/13/25,squib,
11/14/25,spoon,
11/15/25,probe,
11/16/25,crepe,
11/17/25,knack,
11/18/25,force,
11/19/25,debut,
11/20/25,order,
11/21/25,haste,
11/22/25,teeth,
11/23/25,agent,
11/24/25,widen,
11/25/25,icily,
11/26/25,slice,
11/27/25,ingot,
11/28/25,clash,
11/29/25,juror,
11/30/25,blood,
12/01/25,abode,
12/02/25,throw,
12/03/25,unity,
12/04/25,pivot,
12/05/25,slept,
12/06/25,troop,
12/07/25,spare,
12/08/25,sewer,
12/09/25,parse,
12/10/25,morph,
12/11/25,cacti,
12/12/25,tacky,
12/13/25,spool,
12/14/25,demon,
12/15/25,moody,
12/16/25,annex,
12/17/25,begin,
12/18/25,fuzzy,
12/19/25,patch,
12/20/25,water,
12/21/25,lumpy,
12/22/25,admin,
12/23/25,omega,
12/24/25,limit,
12/25/25,tabby,
12/26/25,macho,
12/27/25,aisle,
12/28/25,skiff,
12/29/25,basis,
12/30/25,plank,
12/31/25,verge,
01/01/26,botch,
01/02/26,crawl,
01/03/26,lousy,
01/04/26,slain,
01/05/26,cubic,
01/06/26,raise,
01/07/26,wrack,
01/08/26,guide,
01/09/26,foist,
01/10/26,cameo,
01/11/26,under,
01/12/26,actor,
01/13/26,revue,
01/14/26,fraud,
01/15/26,harpy,
01/16/26,scoop,
01/17/26,climb,
01/18/26,refer,
01/19/26,olden,
01/20/26,clerk,
01/21/26,debar,
01/22/26,tally,
01/23/26,ethic,
01/24/26,cairn,
01/25/26,tulle,
01/26/26,ghoul,
01/27/26,hilly,
01/28/26,crude,
01/29/26,apart,
01/30/26,scale,
01/31/26,older,
02/01/26,plain,
02/02/26,sperm,
02/03/26,briny,
02/04/26,abbot,
02/05/26,rerun,
02/06/26,quest,
02/07/26,crisp,
02/08/26,bound,
02/09/26,befit,
02/10/26,drawn,
02/11/26,suite,
02/12/26,itchy,
02/13/26,cheer,
02/14/26,bagel,
02/15/26,guess,
02/16/26,broad,
02/17/26,axiom,
02/18/26,chard,
02/19/26,caput,
02/20/26,leant,
02/21/26,harsh,
02/22/26,curse,
02/23/26,proud,
02/24/26,swing,
02/25/26,opine,
02/26/26,taste,
02/27/26,lupus,
02/28/26,gumbo,
03/01/26,miner,
03/02/26,green,
03/03/26,chasm,
03/04/26,lipid,
03/05/26,topic,
03/06/26,armor,
03/07/26,brush,
03/08/26,crane,
03/09/26,mural,
03/10/26,abled,
03/11/26,habit,
03/12/26,bossy,
03/13/26,maker,
03/14/26,dusky,
03/15/26,dizzy,
03/16/26,lithe,
03/17/26,brook,
03/18/26,jazzy,
03/19/26,fifty,
03/20/26,sense,
03/21/26,giant,
03/22/26,surly,
03/23/26,legal,
03/24/26,fatal,
03/25/26,flunk,
03/26/26,began,
03/27/26,prune,
03/28/26,small,
03/29/26,slant,
03/30/26,scoff,
03/31/26,torus,
04/01/26,ninny,
04/02/26,covey,
04/03/26,viper,
04/04/26,taken,
04/05/26,moral,
04/06/26,vogue,
04/07/26,owing,
04/08/26,token,
04/09/26,entry,
04/10/26,booth,
04/11/26,voter,
04/12/26,chide,
04/13/26,elfin,
04/14/26,ebony,
04/15/26,neigh,
04/16/26,minim,
04/17/26,melon,
04/18/26,kneed,
04/19/26,decoy,
04/20/26,voila,
04/21/26,ankle,
04/22/26,arrow,
04/23/26,mushy,
04/24/26,tribe,
04/25/26,cease,
04/26/26,eager,
04/27/26,birth,
04/28/26,graph,
04/29/26,odder,
04/30/26,terra,
05/01/26,weird,
05/02/26,tried,
05/03/26,clack,
05/04/26,color,
05/05/26,rough,
05/06/26,weigh,
05/07/26,uncut,
05/08/26,ladle,
05/09/26,strip,
05/10/26,craft,
05/11/26,minus,
05/12/26,dicey,
05/13/26,titan,
05/14/26,lucid,
05/15/26,vicar,
05/16/26,dress,
05/17/26,ditch,
05/18/26,gypsy,
05/19/26,pasta,
05/20/26,taffy,
05/21/26,flame,
05/22/26,swoop,
05/23/26,aloof,
05/24/26,sight,
05/25/26,broke,
05/26/26,teary,
05/27/26,chart,
05/28/26,sixty,
05/29/26,wordy,
05/30/26,sheer,
05/31/26,leper,
06/01/26,nosey,
06/02/26,bulge,
06/03/26,savor,
06/04/26,clamp,
06/05/26,funky,
06/06/26,foamy,
06/07/26,toxic,
06/08/26,brand,
06/09/26,plumb,
06/10/26,dingy,
06/11/26,butte,
06/12/26,drill,
06/13/26,tripe,
06/14/26,bicep,
06/15/26,tenor,
06/16/26,krill,
06/17/26,worse,
06/18/26,drama,
06/19/26,hyena,
06/20/26,think,
06/21/26,ratio,
06/22/26,cobra,
06/23/26,basil,
06/24/26,scrum,
06/25/26,bused,
06/26/26,phone,
06/27/26,court,
06/28/26,camel,
06/29/26,proof,
06/30/26,heard,
07/01/26,angel,
07/02/26,petal,
07/03/26,pouty,
07/04/26,throb,
07/05/26,maybe,
07/06/26,fetal,
07/07/26,sprig,
07/08/26,spine,
07/09/26,shout,
07/10/26,cadet,
07/11/26,macro,
07/12/26,dodgy,
07/13/26,satyr,
07/14/26,rarer,
07/15/26,binge,
07/16/26,trend,
07/17/26,nutty,
07/18/26,leapt,
07/19/26,amiss,
07/20/26,split,
07/21/26,myrrh,
07/22/26,width,
07/23/26,sonar,
07/24/26,tower,
07/25/26,baron,
07/26/26,fever,
07/27/26,waver,
07/28/26,spark,
07/29/26,belie,
07/30/26,sloop,
07/31/26,expel,
08/01/26,smote,
08/02/26,baler,
08/03/26,above,
08/04/26,north,
08/05/26,wafer,
08/06/26,scant,
08/07/26,frill,
08/08/26,awash,
08/09/26,snack,
08/10/26,scowl,
08/11/26,frail,
08/12/26,drift,
08/13/26,limbo,
08/14/26,fence,
08/15/26,motel,
08/16/26,ounce,
08/17/26,wreak,
08/18/26,revel,
08/19/26,talon,
08/20/26,prior,
08/21/26,knelt,
08/22/26,cello,
08/23/26,flake,
08/24/26,debug,
08/25/26,anode,
08/26/26,crime,
08/27/26,salve,
08/28/26,scout,
08/29/26,imbue,
08/30/26,pinky,
08/31/26,stave,
09/01/26,vague,
09/02/26,chock,
09/03/26,fight,
09/04/26,video,
09/05/26,stone,
09/06/26,teach,
09/07/26,cleft,
09/08/26,frost,
09/09/26,prawn,
09/10/26,booty,
09/11/26,twist,
09/12/26,apnea,
09/13/26,stiff,
09/14/26,plaza,
09/15/26,ledge,
09/16/26,tweak,
09/17/26,board,
09/18/26,grant,
09/19/26,medic,
09/20/26,bacon,
09/21/26,cable,
09/22/26,brawl,
09/23/26,slunk,
09/24/26,raspy,
09/25/26,forum,
09/26/26,drone,
09/27/26,women,
09/28/26,mucus,
09/29/26,boast,
09/30/26,toddy,
10/01/26,coven,
10/02/26,tumor,
10/03/26,truer,
10/04/26,wrath,
10/05/26,stall,
10/06/26,steam,
10/07/26,axial,
10/08/26,purer,
10/09/26,daily,
10/10/26,trail,
10/11/26,niche,
10/12/26,mealy,
10/13/26,juice,
10/14/26,nylon,
10/15/26,plump,
10/16/26,merry,
10/17/26,flail,
10/18/26,papal,
10/19/26,wheat,
10/20/26,berry,
10/21/26,cower,
10/22/26,erect,
10/23/26,brute,
10/24/26,leggy,
10/25/26,snipe,
10/26/26,sinew,
10/27/26,skier,
10/28/26,penny,
10/29/26,jumpy,
10/30/26,rally,
10/31/26,umbra,
11/01/26,scary,
11/02/26,modem,
11/03/26,gross,
11/04/26,avian,
11/05/26,greed,
11/06/26,satin,
11/07/26,tonic,
11/08/26,parka,
11/09/26,sniff,
11/10/26,livid,
11/11/26,stark,
11/12/26,trump,
11/13/26,giddy,
11/14/26,reuse,
11/15/26,taboo,
11/16/26,avoid,
11/17/26,quote,
11/18/26,devil,
11/19/26,liken,
11/20/26,gloss,
11/21/26,gayer,
11/22/26,beret,
11/23/26,noise,
11/24/26,gland,
11/25/26,dealt,
11/26/26,sling,
11/27/26,rumor,
11/28/26,opera,
11/29/26,thigh,
11/30/26,tonga,
12/01/26,flare,
12/02/26,wound,
12/03/26,white,
12/04/26,bulky,
12/05/26,etude,
12/06/26,horse,
12/07/26,circa,
12/08/26,paddy,
12/09/26,inbox,
12/10/26,fizzy,
12/11/26,grain,
12/12/26,exert,
12/13/26,surge,
12/14/26,gleam,
12/15/26,belle,
12/16/26,salvo,
12/17/26,crush,
12/18/26,fruit,
12/19/26,sappy,
12/20/26,taker,
12/21/26,tract,
12/22/26,ovine,
12/23/26,spiky,
12/24/26,frank,
12/25/26,reedy,
12/26/26,filth,
12/27/26,spasm,
12/28/26,heave,
12/29/26,mambo,
12/30/26,right,
12/31/26,clank,
01/01/27,trust,
01/02/27,lumen,
01/03/27,borne,
01/04/27,spook,
01/05/27,sauce,
01/06/27,amber,
01/07/27,lathe,
01/08/27,carat,
01/09/27,corer,
01/10/27,dirty,
01/11/27,slyly,
01/12/27,affix,
01/13/27,alloy,
01/14/27,taint,
01/15/27,sheep,
01/16/27,kinky,
01/17/27,wooly,
01/18/27,mauve,
01/19/27,flung,
01/20/27,yacht,
01/21/27,fried,
01/22/27,quail,
01/23/27,brunt,
01/24/27,grimy,
01/25/27,curvy,
01/26/27,cagey,
01/27/27,rinse,
01/28/27,deuce,
01/29/27,state,
01/30/27,grasp,
01/31/27,milky,
02/01/27,bison,
02/02/27,graft,
02/03/27,sandy,
02/04/27,baste,
02/05/27,flask,
02/06/27,hedge,
02/07/27,girly,
02/08/27,swash,
02/09/27,boney,
02/10/27,coupe,
02/11/27,endow,
02/12/27,abhor,
02/13/27,welch,
02/14/27,blade,
02/15/27,tight,
02/16/27,geese,
02/17/27,miser,
02/18/27,mirth,
02/19/27,cloud,
02/20/27,cabal,
02/21/27,leech,
02/22/27,close,
02/23/27,tenth,
02/24/27,pecan,
02/25/27,droit,
02/26/27,grail,
02/27/27,clone,
02/28/27,guise,
03/01/27,ralph,
03/02/27,tango,
03/03/27,biddy,
03/04/27,smith,
03/05/27,mower,
03/06/27,payee,
03/07/27,serif,
03/08/27,drape,
03/09/27,fifth,
03/10/27,spank,
03/11/27,glaze,
03/12/27,allot,
03/13/27,truck,
03/14/27,kayak,
03/15/27,virus,
03/16/27,testy,
03/17/27,tepee,
03/18/27,fully,
03/19/27,zonal,
03/20/27,metro,
03/21/27,curry,
03/22/27,grand,
03/23/27,banjo,
03/24/27,axion,
03/25/27,bezel,
03/26/27,occur,
03/27/27,chain,
03/28/27,nasal,
03/29/27,gooey,
03/30/27,filer,
03/31/27,brace,
04/01/27,allay,
04/02/27,pubic,
04/03/27,raven,
04/04/27,plead,
04/05/27,gnash,
04/06/27,flaky,
04/07/27,munch,
04/08/27,dully,
04/09/27,eking,
04/10/27,thing,
04/11/27,slink,
04/12/27,hurry,
04/13/27,theft,
04/14/27,shorn,
04/15/27,pygmy,
04/16/27,ranch,
04/17/27,wring,
04/18/27,lemon,
04/19/27,shore,
04/20/27,mamma,
04/21/27,froze,
04/22/27,newer,
04/23/27,style,
04/24/27,moose,
04/25/27,antic,
04/26/27,drown,
04/27/27,vegan,
04/28/27,chess,
04/29/27,guppy,
04/30/27,union,
05/01/27,lever,
05/02/27,lorry,
05/03/27,image,
05/04/27,cabby,
05/05/27,druid,
05/06/27,exact,
05/07/27,truth,
05/08/27,dopey,
05/09/27,spear,
05/10/27,cried,
05/11/27,chime,
05/12/27,crony,
05/13/27,stunk,
05/14/27,timid,
05/15/27,batch,
05/16/27,gauge,
05/17/27,rotor,
05/18/27,crack,
05/19/27,curve,
05/20/27,latte,
05/21/27,witch,
05/22/27,bunch,
05/23/27,repel,
05/24/27,anvil,
05/25/27,soapy,
05/26/27,meter,
05/27/27,broth,
05/28/27,madly,
05/29/27,dried,
05/30/27,scene,
05/31/27,known,
06/01/27,magma,
06/02/27,roost,
06/03/27,woman,
06/04/27,thong,
06/05/27,punch,
06/06/27,pasty,
06/07/27,downy,
06/08/27,knead,
06/09/27,whirl,
06/10/27,rapid,
06/11/27,clang,
06/12/27,anger,
06/13/27,drive,
06/14/27,goofy,
06/15/27,email,
06/16/27,music,
06/17/27,stuff,
06/18/27,bleep,
06/19/27,rider,
06/20/27,mecca,
06/21/27,folio,
06/22/27,setup,
06/23/27,verso,
06/24/27,quash,
06/25/27,fauna,
06/26/27,gummy,
06/27/27,happy,
06/28/27,newly,
06/29/27,fussy,
06/30/27,relic,
07/01/27,guava,
07/02/27,ratty,
07/03/27,fudge,
07/04/27,femur,
07/05/27,chirp,
07/06/27,forte,
07/07/27,alibi,
07/08/27,whine,
07/09/27,petty,
07/10/27,golly,
07/11/27,plait,
07/12/27,fleck,
07/13/27,felon,
07/14/27,gourd,
07/15/27,brown,
07/16/27,thrum,
07/17/27,ficus,
07/18/27,stash,
07/19/27,decry,
07/20/27,wiser,
07/21/27,junta,
07/22/27,visor,
07/23/27,daunt,
07/24/27,scree,
07/25/27,impel,
07/26/27,await,
07/27/27,press,
07/28/27,whose,
07/29/27,turbo,
07/30/27,stoop,
07/31/27,speak,
08/01/27,mangy,
08/02/27,eying,
08/03/27,inlet,
08/04/27,crone,
08/05/27,pulse,
08/06/27,mossy,
08/07/27,staid,
08/08/27,hence,
08/09/27,pinch,
08/10/27,teddy,
08/11/27,sully,
08/12/27,snore,
08/13/27,ripen,
08/14/27,snowy,
08/15/27,attic,
08/16/27,going,
08/17/27,leach,
08/18/27,mouth,
08/19/27,hound,
08/20/27,clump,
08/21/27,tonal,
08/22/27,bigot,
08/23/27,peril,
08/24/27,piece,
08/25/27,blame,
08/26/27,haute,
08/27/27,spied,
08/28/27,undid,
08/29/27,intro,
08/30/27,basal,
08/31/27,shine,
09/01/27,gecko,
09/02/27,rodeo,
09/03/27,guard,
09/04/27,steer,
09/05/27,loamy,
09/06/27,scamp,
09/07/27,scram,
09/08/27,manly,
09/09/27,hello,
09/10/27,vaunt,
09/11/27,organ,
09/12/27,feral,
09/13/27,knock,
09/14/27,extra,
09/15/27,condo,
09/16/27,adapt,
09/17/27,willy,
09/18/27,polka,
09/19/27,rayon,
09/20/27,skirt,
09/21/27,faith,
09/22/27,torso,
09/23/27,match,
09/24/27,mercy,
09/25/27,tepid,
09/26/27,sleek,
09/27/27,riser,
09/28/27,twixt,
09/29/27,peace,
09/30/27,flush,
10/01/27,catty,
10/02/27,login,
10/03/27,eject,
10/04/27,roger,
10/05/27,rival,
10/06/27,untie,
10/07/27,refit,
10/08/27,aorta,
10/09/27,adult,
10/10/27,judge,
10/11/27,rower,
10/12/27,artsy,
10/13/27,rural,
10/14/27,shave,
